id,sport,template,season,question_en,question_ms,answer_en,answer_ms,source_1,source_2,date_checked,after_cutoff,notes
N01,NBA,T1_champion,2018-19,Which team won the NBA championship in the 2018-19 season?,,,,,,,,
N02,NBA,T2_runner_up,2018-19,Which team lost in the NBA Finals in the 2018-19 season?,,,,,,,,
N03,NBA,T3_top_scorer,2018-19,Who led the NBA in points per game in the 2018-19 season?,,,,,,,,
N04,NBA,T4_best_player,2018-19,Who won the NBA MVP award for the 2018-19 season?,,,,,,,,
N05,NBA,T5_winning_coach,2018-19,Who was the head coach of the NBA championship team in the 2018-19 season?,,,,,,,,
N06,NBA,T1_champion,2022-23,Which team won the NBA championship in the 2022-23 season?,,,,,,,,
N07,NBA,T2_runner_up,2022-23,Which team lost in the NBA Finals in the 2022-23 season?,,,,,,,,
N08,NBA,T3_top_scorer,2022-23,Who led the NBA in points per game in the 2022-23 season?,,,,,,,,
N09,NBA,T4_best_player,2022-23,Who won the NBA MVP award for the 2022-23 season?,,,,,,,,
N10,NBA,T5_winning_coach,2022-23,Who was the head coach of the NBA championship team in the 2022-23 season?,,,,,,,,
M01,MSL,T1_champion,2019,Which team won the Malaysia Super League in 2019?,,,,,,,,
M02,MSL,T2_runner_up,2019,Which team finished second in the Malaysia Super League in 2019?,,,,,,,,
M03,MSL,T3_top_scorer,2019,Who was the top goalscorer in the Malaysia Super League in 2019?,,,,,,,,
M04,MSL,T4_best_player,2019,Who won the Malaysia Super League's best player award for 2019?,,,,,,,,"Check this award exists; if not, drop T4 for both sports"
M05,MSL,T5_winning_coach,2019,Who was the head coach of the Malaysia Super League champions in 2019?,,,,,,,,
M06,MSL,T1_champion,2023,Which team won the Malaysia Super League in 2023?,,,,,,,,
M07,MSL,T2_runner_up,2023,Which team finished second in the Malaysia Super League in 2023?,,,,,,,,
M08,MSL,T3_top_scorer,2023,Who was the top goalscorer in the Malaysia Super League in 2023?,,,,,,,,
M09,MSL,T4_best_player,2023,Who won the Malaysia Super League's best player award for 2023?,,,,,,,,"Check this award exists; if not, drop T4 for both sports"
M10,MSL,T5_winning_coach,2023,Who was the head coach of the Malaysia Super League champions in 2023?,,,,,,,,
